index,Title,Year,Database,DOI,Abstract,C1_dt,C2_validation,C3_abstract,C4_scope,abstract_words,bucket_v3,decision_v3_human,motif_v3_human
6,Control Strategy for Building Air Conditioning Cluster Loads Participating in Demand Response Based on Cyber-Physical System,2024,Scopus | Web of Science,10.3390/en17061291,"In recent years, with rising urbanization and ongoing adjustments in industrial structures, there has been a growing dependence on public buildings. The load of public buildings gradually becomes the main component of the peak load in summer, among which the load of air conditioning is particularly prominent. To clarify the key problems and solutions to these challenges, this study proposes a multi-objective optimization control strategy for building air conditioning cluster participation in demand response based on Cyber-Physical System (CPS) architecture. In a three-layer typical CPS architecture, the unit level of the CPS achieves dynamic information perception of air conditioning clusters through smart energy terminals. An air conditioning load model based on the multiple parameter types of air conditioning compressors is presented. Then, the system level of the CPS fuses multiple pieces of information through smart energy gateways, analyzing the potential for air conditioning clusters when they participate in demand response. The system of system level (SoS level) of the CPS deploys a multi-objective optimization control strategy which includes the uncertainty of the initial states of air conditioning clusters within the intelligent building energy management system. The optimal model takes into account the differences in the environmental conditions of each individual air conditioning unit within the cluster and sets different operating modes for each unit to achieve load reduction while maintaining temperatures within a comfortable range for the human body. The Multi-Objective Particle Swarm Optimization (MOPSO) algorithm based on Pareto frontiers is applied to solve this optimization control strategy and to optimize the operational parameters of the air conditioning clusters. A comparative analysis is conducted with single-objective optimization results obtained using the traditional Particle Swarm Optimization (PSO) algorithm. The case study results indicate that the proposed multi-objective optimization control strategy can effectively improve the thermal comfort of the human body towards the controlled temperatures of air conditioning clusters while meeting the accuracy of demand response. In the solution phase, the highest temperature within the air conditioning clusters is 24 °C and the lowest temperature is 23 °C. Adopting the proposed multi-objective optimization control strategy, the highest temperature is 26 °C and the lowest temperature is 23.5 °C within the clusters and the accuracy of demand response is up to 92%. Compared to the traditional PSO algorithm, the MOPSO algorithm has advantages in convergence and optimization precision for solving the proposed multi-objective optimization control strategy. © 2024 Elsevier B.V., All rights reserved.",WEAK,PASS,PASS,PASS,410,BORDERLINE,INCLURE,"CPS multi-niveau pour AC cluster, validation, batiment public"
10,Office-in-the-Loop: an investigation into Agentic AI for advanced building HVAC control systems,2025,Scopus | Web of Science,10.1017/dce.2025.10010,"Heating, Ventilation, and Air Conditioning (HVAC) systems are major energy consumers in buildings, challenging the balance between efficiency and occupant comfort. While prior research explored generative AI for HVAC control in simulations, real-world validation remained scarce. This study addresses this gap by designing, deploying, and evaluating Office-in-the-Loop, a novel cyber-physical system leveraging generative AI within an operational office setting. Capitalizing on multimodal foundation models and Agentic AI, our system integrates real-time environmental sensor data (temperature, occupancy, etc.), occupants' subjective thermal comfort feedback, and historical context as input prompts for the generative AIto dynamically predict optimal HVAC temperature setpoints. Extensive real-world experiments demonstrate significant energy savings (up to 47.92%) while simultaneously improving comfort (up to 26.36%) compared to baseline operation. Regression analysis confirmed the robustness of our approach against confounding variables like outdoor conditions and occupancy levels. Furthermore, we introduce Data-Driven Reasoning using Agentic AI, finding that prompting the AI for data-grounded rationales significantly enhances prediction stability and enables the inference of system dynamics and cost functions, bypassing the need for traditional reinforcement learning paradigms. This work bridges simulation and reality, showcasing generative AI's potential for efficient, comfortable building environments and indicating future scalability to large systems like data centers. Impact Statement Heating, Ventilation, and Air Conditioning (HVAC) systems significantly contribute to building energy consumption, creating a challenge in balancing energy savings with occupant comfort. We demonstrated an Office-in-the-Loop control system using generative AI in a real office environment to address this issue. This system integrates diverse real-time sensor data and occupant comfort feedback, allowing the AIto autonomously determine optimal HVAC settings based on this multimodal information and historical data. Our field experiments successfully resolved the traditional energy-comfort trade-off, demonstrating substantial energy reductions (up to 47.92%) while simultaneously enhancing occupant comfort (up to 26.36%). Furthermore, our Data-Driven Reasoning prompt enhances control reliability and enables inference of system dynamics, bypassing complex reinforcement learning. This work represents a significant step toward smarter, efficient, comfortable buildings, applicable beyond offices to data centers and industrial facilities.",WEAK,PASS,PASS,PASS,352,BORDERLINE,INCLURE,"Real-world experiments office, 47.92% savings, CPS deploye"
23,Digital twin based deep learning framework for personalized thermal comfort prediction and energy efficient operation in smart buildings,2025,Scopus | SpringerNature | Web of Science,10.1038/s41598-025-10086-y,"The regulation of indoor thermal comfort is a critical aspect of smart building design, significantly influencing energy efficiency and occupant well-being. Traditional comfort models, such as Fanger's equation and adaptive approaches, often fall short in capturing individual occupant preferences and the dynamic nature of indoor environmental conditions. To overcome these limitations, we introduce a Digital Twin-driven framework integrated with an advanced attention-based Long Short-Term Memory (LSTM) model specifically tailored for personalised thermal comfort prediction and intelligent HVAC control. The attention mechanism effectively focuses on critical temporal features, enhancing both predictive performance and interpretability. Next, the Digital Twin enables the real-time simulation of indoor environments and occupant responses, facilitating proactive comfort management. We utilise a subset of the ASHRAE Global Thermal Comfort Database II, and extensive pre-processing, including median-based data imputation and feature normalisation, is conducted. The proposed model categorises Thermal Sensation Votes (TSVs) recorded on a 7-point ASHRAE scale into three classes: Uncomfortably Cold (UC) for TSV \documentclass[12pt]{minimal} \usepackage{amsmath} \usepackage{wasysym} \usepackage{amsfonts} \usepackage{amssymb} \usepackage{amsbsy} \usepackage{mathrsfs} \usepackage{upgreek} \setlength{\oddsidemargin}{-69pt} \begin{document}$$\le$$\end{document}-1, Neutral (N) for TSV = 0, and Uncomfortably Warm (UW) for TSV \documentclass[12pt]{minimal} \usepackage{amsmath} \usepackage{wasysym} \usepackage{amsfonts} \usepackage{amssymb} \usepackage{amsbsy} \usepackage{mathrsfs} \usepackage{upgreek} \setlength{\oddsidemargin}{-69pt} \begin{document}$$\ge$$\end{document}+1. The model achieves a test accuracy of 83.8%, surpassing previous state-of-the-art methods. Furthermore, Explainable AI (XAI) techniques, such as SHAP and LIME, are integrated to enhance transparency and interpretability, complemented by scenario-based energy efficiency analyses to evaluate energy-comfort trade-offs. This comprehensive approach provides a robust, interpretable, and energy-efficient solution for occupant-centric HVAC management in smart building systems.",PASS,WEAK,PASS,PASS,295,BORDERLINE,INCLURE,"DT explicite + LSTM, validation ASHRAE dataset (mon pilote)"
25,A hardware-in-the-loop (HIL) testbed for cyber-physical energy systems in smart commercial buildings,2024,Scopus,10.1080/23744731.2024.2336839,"In recent years, there has been a growing trend toward the development of smart buildings that rely on cyber-physical systems (CPS) to optimize occupant comfort, safety, and energy efficiency. To ensure the reliable and efficient operation of CPS with designed control strategies, it is important to evaluate their performance under various scenarios before deploying them in the real world. This is where a Hardware-in-the-loop (HIL) testbed designed for studying sensor and control-related studies in smart buildings can be highly valuable. With the growing threat of cyber-attacks and physical faults targeting smart buildings, it is essential to ensure the security of building operations. A HIL testbed can emulate cyber-attack and physical fault scenarios, allowing researchers to develop and test threat detection and mitigation algorithms. This enables researchers to identify potential issues and optimize the algorithms in a safe and controlled environment before they are deployed in real-world settings, reducing the risk of failures that can negatively impact occupant comfort, safety, and energy efficiency. Therefore, this paper developed a HIL testbed designed for cyber-physical energy systems (e.g. buildings automation system (BAS)) in smart commercial buildings. The HIL testbed is comprised of a real-time building and Heating, Ventilation, and Air-Conditioning (HVAC) emulator using Modelica-based dynamic models, a set of BAS controllers, and a BAS computer server. The data generation capability of the HIL testbed is demonstrated by tracking normal and faulty operating data in the BAS, as well as monitoring detailed network traffic in the local BAS network. This study further demonstrates the HIL testbed’s capability by conducting case studies on real-time physical fault and cyber-attack experiments using a Department of Energy (DOE) prototype commercial building. It is anticipated that the fully functional HIL testbed will be utilized for a variety of sensor and control-related studies, including but not limited to testing, developing, validating of different HVAC control strategies, fault detection & diagnosis, energy monitoring and analysis, cyber security study, etc. © 2024 Elsevier B.V., All rights reserved.",WEAK,PASS,PASS,PASS,341,BORDERLINE,INCLURE,HIL testbed CPS smart commercial buildings
34,A synergistic approach using digital twins and statistical machine learning for intelligent residential energy modelling,2025,Scopus | SpringerNature | Web of Science,10.1038/s41598-025-09760-y,"The growing need for energy efficiency in buildings has driven significant improvements in digitalisation and intelligent energy management. Traditional energy management techniques often fail to address dynamic energy demands and user preferences, leading to inefficiencies and increased costs. This paper proposes a framework that integrates Digital Twin (DT) systems with Artificial Intelligence (AI) algorithms for intelligent building energy consumption assessment by developing real-time virtual twin representations. Unlike conventional DT models used mainly for visualization or simulation, the proposed approach leverages DTs as adaptive, data-driven decision-making tools that evolve through continuous IoT sensor feedback. This dynamic representation of physical systems enables real-time energy optimization and facilitates intelligent control to enhance both efficiency and sustainability. The system categorizes buildings into energy-efficient and non-energy-efficient groups with an accuracy of 98% by leveraging IoT sensor data, along with Random Forest, Deep Neural Networks, Long Short-Term Memory networks, and Bidirectional Long Short-Term Memory networks. The framework encompasses comprehensive data preprocessing, feature engineering, and the implementation of cutting-edge AI techniques, highlighting the transformative potential of this integrated approach. The results, illustrated through various graphical representations, demonstrate the critical role of DT and AI in optimising energy management, minimising waste, and driving sustainability in industrial and urban environments. Confusion matrices and performance metric graphs reveal that the Random Forest model outperforms other techniques. Meanwhile, training curves and feature importance visualizations provide insights into model behaviour and key factors influencing energy efficiency. This research underscores the significance of combining real-time DT environments with intelligent learning models to address modern energy efficiency challenges and support the development of adaptive, sustainable building systems. © 2025 Elsevier B.V., All rights reserved.",PASS,PASS,PASS,WEAK,281,BORDERLINE,INCLURE,"DT explicite IoT residential, 98% accuracy validation"
54,A data-model fusion dispatch strategy for the building energy flexibility based on the digital twin,2023,Scopus | Web of Science,10.1016/j.apenergy.2022.120496,"With the growing percentage of the intermittent renewable power generation, the energy system is under increasing pressure in balancing the supply and the demand. As a major part of urban energy consumptions, buildings can provide considerable regulation flexibility for the energy system by actively managing their energy demands. For the building energy flexibility (BEF) provided by thermostatically controlled loads (TCL), its dispatch performance is vulnerable to the building thermal parameter errors, and in some cases, occupants need to provide the critical information related to the indoor temperature state and the occupancy state to the energy management system outside buildings, which decreases the availability of the BEF and raises privacy concerns. For these issues in the BEF utilization, this paper proposes a data-model fusion dispatch strategy based on the digital twin (DT). The proposed strategy is capable of parameter fault tolerance and privacy protection by combining the model-free advantage of the data-driven method with the analytical optimization advantage of the model-driven method. Firstly, a DT-based BEF dispatch framework is proposed. Secondly, the building DT is established by combining the building thermal dynamics (BTD) data-driven model and the TCL operation mechanism model. And the building response deduction is carried out based on the DT. Finally, under the rolling optimization framework, the data-model fusion dispatch strategy is devised by uniting the DT deduction and the optimization constructed by the BTD mechanism model, in which the multi-dimensional modeling of the BTD is carried out from the state dimension and the energy dimension. The simulation results show that the optimization result can reach 98.4% of the ideal result under the scenario with 15% parameter random error, and 98.3% of the ideal result under the scenario with 15% random state noise injection. © 2023 Elsevier B.V., All rights reserved.",PASS,WEAK,PASS,PASS,303,BORDERLINE,INCLURE,"DT batiment energy flexibility, dispatch strategy"
60,Physical-Based Reduced-Order Model for Buildings Energy Efficiency,2025,Web of Science,10.1007/978-3-031-71867-0_38,"This research aims to investigate the feasibility and possible benefits of applying Reduced-Order Models (ROMs) to the Architecture, Engineering and Construction sector. The reduced-order model is a methodology for designing complex systems that exploit the synergy of interacting phenomena. Although it can significantly speed up design and run dynamic simulations, this technique is still not widely applied in the AEC field. Other industries often use them to optimize systems performance, create digital twins, and streamline multidisciplinary optimization methodology. The first section of this paper describes the proposed methodology, followed by the study of the advantages and limitations compared to traditional design systems, including an analysis of current research and applications. Instead of a prescriptive design based on the worst-case scenarios, this kind of simulation enables performance-based design with partial loads and dynamic behavior. This innovative approach makes it possible to support the designer during the conceptual phase and deal with the design problem more consciously to realize more sustainable and comfortable solutions. ROMs require low computational capacity and thus can handle real-time sensor data during operation and maintenance. A drawback is the difficulty of understand and model the physics underlying a specific system. The last section presents an operational workflow and the early stage of a test application that explores how physical-based ROM can support the designer in defining energy interventions on an existing building's classroom. Thermal and energy behavior, heating, ventilation, and air conditioning systems and their interaction have been modeled. The final step consists in incorporating subsystems representing potential active and passive energy improvement interventions to understand how the system improves and minimizes energy consumption improving indoor environmental quality.",PASS,WEAK,PASS,PASS,278,BORDERLINE,EXCLURE,"ROM conceptuel sans validation propre, methodologique"
74,Thermal performance improvement for residential heritage building preservation based on digital twins,2024,Scopus | Web of Science,10.1016/j.jobe.2023.108283,"Excessive temperatures can result in the collapse of structural components, cracking, scaling, and condensation in heritage building structures. Numerous unregenerated residential heritage buildings use portable heaters to adjust the indoor temperature for the comfort of occupants. However, research on the impact of heaters on the preservation of heritage buildings is limited. This paper proposes a novel and systematic approach based on digital twin technology to improve thermal performance effectively in unregenerated heritage buildings by arranging the locations and settings of heaters for improving building preservation. This research extended the functionality of heritage building information modeling (HBIM) to support simulations and decision-making to improve the thermal performance for heritage building preservation. An approach was proposed to address the lack of information by integrating documents, information, and graphics into an HBIM model for heritage building preservation. The digital model process based on HBIM presented in this study can be an effective 3D model for computational fluid dynamics (CFD) simulations. To investigate the impact of the heater on heritage building deformation, a novel method was developed to couple CFD and structural simulation to analyze the thermal performance and building deformation of heritage buildings. The heritage building deformation resulting from the heaters’ power setting and location was identified and quantified. In addition, using the proposed digital twin platform, heaters were controlled automatically. The thermal performance, building cracking and deformation were monitored and recorded automatically along the lifecycle. The improved heater location reduced the maximum total deformation of the heritage building body by at least 62.9 %. © 2023 Elsevier B.V., All rights reserved.",PASS,WEAK,PASS,PASS,260,BORDERLINE,INCLURE,"DT heritage building, CFD simulation, single building"
76,Building Energy Assessment of Thermal and Electrical Properties for Compact Cities: Case Study of a Multi-Purpose Building in South Korea,2025,Scopus | Web of Science,10.3390/buildings15173023,"This study conducts a simulation-based assessment of a recently commissioned office building in the Republic of Korea, representing a typical public office facility. The building was modeled using EnergyPlus 23.1.0 after construction, although no validation was performed due to the absence of metered consumption data. Previous approaches relying on simplified methods such as the Radiant Time Series (RTS), which neglect dynamic building behavior, have often led to overestimated cooling and heating loads. This has emerged as a major obstacle in designing energy-efficient buildings within the context of compact and smart cities pursuing carbon neutrality. Consequently, the trend in building performance analysis is shifting toward dynamic simulations and digital twin-based design methodologies. Furthermore, electrification of buildings without adequate thermal load assessment may also contribute to overdesign, irrespective of urban environmental characteristics. From an urban planning standpoint, there is a growing need for performance criteria that reflect occupant behavior and actual usage patterns. However, dynamics-based building studies remain scarce in the Republic of Korea. In this context, the present study demonstrates that passive design strategies, implemented through systematic changes in envelope materials, HVAC operational standards, and compliance with ASHRAE 90.1 criteria, can significantly enhance thermal comfort and indoor air quality. The simulation results show that energy consumption can be reduced by over 36.21% without compromising occupant health or comfort. These findings underscore the importance of thermal load understanding prior to electrification and highlight the potential of LEED-aligned passive strategies for achieving high-performance, low-energy buildings. © 2025 Elsevier B.V., All rights reserved.",PASS,PASS,PASS,WEAK,260,BORDERLINE,EXCLURE,Auteurs declarent 'no validation was performed' — disqualifiant
78,Optimizing legacy building operation: The evolution into data-driven predictive cyber-physical systems,2017,Web of Science,10.1016/j.enbuild.2017.05.002,"Fossil fuels serve a substantial fraction of global energy demand, and one major energy consumer is the global building stock. In this work, we propose a framework to guide practitioners intending to develop advanced predictive building control strategies. The framework provides the means to enhance legacy and modernized buildings regarding energy efficiency by integrating their available instrumentation into a data-driven predictive cyber-physical system. For this, the framework fuses two highly relevant approaches and embeds these into the building context: the generic model-based design methodology for cyber-physical systems and the cross-industry standard process for data mining. A Spanish school's heating system serves to validate the approach. Two different data-driven approaches to prediction and optimization are used to demonstrate the methodological flexibility: (i) a combination of Bayesian regularized neural networks with genetic algorithm based optimization, and (ii) a reinforcement learning based control logic using fitted Q-iteration are both successfully applied. Experiments lasting a total of 43 school days in winter 2015/2016 achieved positive effects on weather-normalized energy consumption and thermal comfort in day-to-day operation. A first experiment targeting comfort levels comparable to the reference period lowered consumption by one-third. Two additional experiments raised average indoor temperatures by 2 K. The better of these two experiments only consumed 5% more energy than the reference period. The prolonged experimentation period demonstrates the cyber-physical system based approach's suitability for improving building stock energy efficiency by developing and deploying predictive control strategies within routine operation of typical legacy buildings. (C) 2017 Elsevier B.V. All rights reserved.",WEAK,PASS,PASS,PASS,266,BORDERLINE,INCLURE,"CPS Spanish school, 43 days winter validation, real data"
90,A Novel Cyber-Physical System for the Optimal Heating-Cooling of Buildings,2024,IEEE Xplore | Scopus,10.1109/tase.2023.3335090,"This paper presents a novel Cyber-Physical System (CPS) equipped with an advanced Distributed Model Predictive Control (DMPC) method with reduced order computational complexity, zero steady-state error, reduced start-up energy consumption and improved transient response for the optimal heating-cooling of buildings. The satisfactory application of this method for the optimal heating-cooling of a large-scale (6-story) building with 40 rooms is illustrated. Smart Industrial Internet of Things (IIoT) - based thermostats, a gateway and a general Quadratic Programming (QP) solver are developed. Using this hardware set-up, the simulation results for the 6-story building are verified in a small scale by practical implementation. Note to Practitioners - This paper proposes a novel cyber-physical system for the optimal heating-cooling of large-scale buildings. The proposed system is practical, in particular, for large-scale buildings because for its realization, we do not need mighty and therefore expensive computer servers to execute required optimization problems in real-time. It also has high reliability and resilience due to its distributed computation nature and can be realized using available and cost-effective On-Off electric valves. To implement this system, a general QP solver, smart IIoT-based thermostats and a gateway are designed, developed and implemented in a building for the optimal heating and cooling. The satisfactory performance and superiority of the proposed system in terms of zero steady-state error, transient response, applicability for both heating and cooling systems and limited start-up energy consumption over the traditional as well as more advanced systems are illustrated by simulation and practical implementation. © 2024 Elsevier B.V., All rights reserved.",WEAK,WEAK,PASS,PASS,270,BORDERLINE,INCLURE,"CPS DMPC 6-story building 40 rooms, sim+practical"
99,Intelligent Monitoring Platform and Application for Building Energy Using Information Based on Digital Twin,2023,Scopus | Web of Science,10.3390/en16196839,"With the development and popularization of the Internet of Things, big data, cloud computing, and other technologies, Digital twin technology (DTT) is increasingly applied to building operation and maintenance (O&M). However, most of the research focuses on building energy consumption, safety, and other management, and relatively little research on the monitoring of building terminal energy using information. The information is closely related to occupants’ behavior, such as air conditioning, lighting, shading, window status information, as well as personnel number and location, and it has a great impact on building energy consumption. Due to different occupants’ behaviors, the level of building energy consumption varies several times or even more. Take an office building as an example. Based on digital twin technology, the framework of building energy using intelligent monitoring is constructed. It mainly includes four parts, namely building physical space, virtual twin space, predictive control simulation engine, and twin big data. For each part, functions are realized through building Information Modelling (BIM), smart sensors, and Internet of Things (IoT) technologies. Based on the standard framework and every function realization method, the DTT can used for building O&M effectually. The application of building an intelligent control system based on the occupants’ characteristics is simulated and analyzed in Designbuilder software 6.1.2. The results show that the digital technology application in building intelligent control systems can realize maximum energy saving for 30%. However, the DTT in building O&M is not widely used now. There is a lot of research to be completed in the future. © 2023 Elsevier B.V., All rights reserved.",PASS,WEAK,PASS,PASS,263,BORDERLINE,INCLURE,"DT explicit office building case, BIM+IoT+ML"
101,Construction and Control of Validated Highly Configurable Multi-Physics Building Models for the Sustainability Analysis of Multi-Energy Systems in a Co-Simulation Setup,2025,IEEE Xplore,10.1109/southeastcon56624.2025.10971478,"Improving energy efficiency by monitoring system behavior and predicting future energy scenarios in light of increased penetration of renewable energy sources are becoming increasingly important, especially for energy systems that distribute and provide heat. On this background, digital twins of cities become paramount in advancing urban energy system planning and infrastructure management. The use of recorded energy data from sensors in district digital twins in collaborative co-simulation platforms is a promising way to analyze detailed system behavior and estimate future scenarios. However, the development and coupling of multi-physics energy system models need to be validated before they can be used for further in-depth analyses. In the present paper, a new multi-physics/-modal and highly configurable building model is presented. Its accuracy and reliability are validated by comparison with data from the TABULA project, ensuring its relevance and applicability to real-world scenarios. The modularity and flexibility with regard to the system configurability of the developed building model is evaluated on various real building types. In addition, the applicability of the building model in a multi-energy system is highlighted by implementing the model in a collaborative co-simulation setup and by coupling it to a district heating grid model in yearly co-simulations. The simulation results for the proposed multi-physical/-modal building modeling concept show a very high level of agreement compared to published reference building data and can therefore be used individually as flexible and modular building models including both thermal and electrical systems for future sector-coupled energy system analyses in view of sustainability.",PASS,PASS,PASS,WEAK,261,BORDERLINE,EXCLURE,"'Digital twins of cities' dominant, district co-simulation"
102,Deep learning for assessment of environmental satisfaction using BIM big data in energy efficient building digital twins,2022,Scopus,10.1016/j.seta.2021.101897,"Energy efficient Building Digital Twins (BDTs) are researched using Building Information Model (BIM) to explore the key techniques of Digital Twins (DTs). DTs in buildings can be regarded as an expression of “BIM+,” born to digital descriptions. Comprehensive perception of physical systems is the preconditions for DTs implementation. BIM's energy-saving design includes the selection of building orientation and building shape. BIM energy consumption analysis can compare different materials, examine the performance of various materials, and select the most suitable and most energy-efficient materials for building structure maintenance. Data Fusion Algorithm (DFA) in Wireless Sensor Networks (WSNs) is improved. A novel DFA is constructed by combining Backpropagation Neural Network (BPNN) with Dynamic Host Configuration Protocol (DCHP), recorded as BP-DCHP. Simulation experiment proves that BP-DCHP can prolong sensor nodes’ survival time and provide the highest data fusion quality. BP-DCHP runs for about 310 s, 500 s, and 705 s in WSNs consisting of 20, 50, and 100 WSNs, respectively. Moreover, BP-DCHP can provide higher quality given insufficient data fusion degree. Once the WSNs consume 50% of the total initial energy, BP-DCHP presents a shorter network delay, only 0.6 s on average in the 100-sensor-node-WSN. To validate BDTs’ effectiveness, the environmental satisfaction of residents from two Beijing intelligent communities is assessed using Deep Learning (DL) approach. Taking the data as the clue, the study establishes DTs serving the application of urban scene, which plays a certain role in promoting the technological innovation of BDTs, better optimizing the city and managing the city. © 2022 Elsevier B.V., All rights reserved.",PASS,PASS,PASS,WEAK,268,BORDERLINE,EXCLURE,Beijing intelligent communities urban scope explicite
107,Digital Twin application on next-generation Building Energy Performance Certification scheme,2022,IEEE Xplore,10.1109/isc255366.2022.9921821,"Digitalization has played a major role in the building sector in the last few decades. Starting from the early-design stage up to the building's operation and maintenance, digital tools provide all the relevant building stakeholders with the opportunity to reduce the execution time of their processes, increase their productivity, and offer higher-quality services to end-users. Despite the technology breakthroughs over the last few decades, the building sector lacks a holistic technology approach that will be applicable to all the stages of the building's lifecycle. The introduction of the well-established concept of digital twins into the building industry could manage to incorporate the various technology solutions into one platform, to fill the aforementioned technology gap. The present work introduces a framework for utilising cutting-edge digital technologies for evaluating the building's performance in accordance with a holistic Energy Performance Certification (EPC) scheme developed within the H2020 D^2EPC project. The first section introduces a stepwise approach for developing the Building Digital Twin (BDT) platform. The presentation of the incorporated technologies in the proper order, along with a description of the development philosophy provides the reader with a comprehensive DBT development roadmap. The second part includes a high-level presentation of the D^2EPC BDT scheme, elaborating on the component characteristics and their co-operation, towards delivering a novel EPC solution. The proposed digital twin architecture can also be used as the basis for future advancements in building documentation solutions (e.g. digital building logbooks) and facilitate the broader domain of energy efficiency in buildings.",PASS,WEAK,PASS,PASS,260,BORDERLINE,INCLURE,"DT explicit pour Building EPC scheme, framework documente"
111,TOWARDS DIGITAL TWIN DRIVEN CULTURAL HERITAGE MANAGEMENT: A HBIM-BASED WORKFLOW FOR ENERGY IMPROVEMENT OF MODERN BUILDINGS,2022,Scopus | Web of Science,10.5194/isprs-archives-xlvi-5-w1-2022-149-2022,"Europe has numerous historic buildings that need to become more energy-efficient, which need permanent maintenance and refurbishment to fulfill sustainability and use requirements. Asset owners and asset managers need to adopt new strategies to protect listed buildings while optimizing costs and benefits during their life cycle. In this sense, the digital transition proves to be a moment to seize for opening new scenarios. The Digital Twin paradigm promises to be valuable for enabling the sustainable knowledge, conservation, restoration, and management of built assets and solving the dilemma about protecting the architectural identity of these buildings while adapting them to the functional and performance requirements dictated by the regulatory framework. This study proposes a workflow that integrates Heritage Building Information Modeling (HBIM) and Building Performance Simulation (BPS) tools for data-driving the energy improvement of Italian listed modern buildings built between the 1920s and 1960s. After acquiring information about the building, the HBIM model and the Building Energy Model (BEM) are realized based on the International Foundation Classes (IFC) standard. Energy intervention measures are defined, construction costs are computed, and benefits during the intervention life cycle are predicted in thermal demand. Finally, an expeditious multi-criteria analysis allows for comparing different intervention combinations and indicating the optimal solution for the energy improvement of the building concerning energy, economic, and financial issues. These outcomes represent the first step towards realizing a dynamic, accessible, and sharable Digital Twin. © 2022 Elsevier B.V., All rights reserved.",PASS,WEAK,PASS,PASS,243,BORDERLINE,INCLURE,"DT heritage HBIM workflow, Italian listed buildings"
122,Integrating digital twin technology into large panel system estates retrofit projects,2021,Scopus | Web of Science,10.17645/up.v6i4.4464,"As sustainability is now a standard for the proposed developments, the focus ought to be shifted towards the existing buildings and, among them, the worldwide stock of large panel system (LPS) buildings. Major upgrades and retrofits were done to some of the LPS estates in Germany and France, but a leading sustainable way must still be developed for LPS buildings in Eastern European countries, where apartments in those half‐a‐century‐old estates are privately owned. Both sustainability and ownership issues make the demolition option redundant, and therefore the method for deep thermal retrofit and urban intervention is being developed with the use of BIM simulation tools. Digital twin (DT) technology allows for calibration to intertwine with the Internet of Things applications that reward the inhabitants for sustainable behaviour while feeding the relevant data back to the DT. Thanks to this, smart technology can be used to raise the level of social participation in the projects and thus help educate the end‐users, which is paramount in establishing and maintaining good ecological habits, and as such, also for the efficacy and viability of the final endeavour. This article proposes a procedure of creating a 3D model typology repository for facilitating DT technology to provide a good analytical tool for community consultation and enable virtual testing of technical and urban solutions before implementation. It aims to determine the method for virtual technology to give deteriorating estates a new lease of life and improve their perception in the wider community while being a conduit for the adaptation of CEE to the digital revolution. © 2021 Elsevier B.V., All rights reserved.",PASS,WEAK,PASS,WEAK,268,BORDERLINE,EXCLURE,"LPS retrofit strategie multi-stock, pas DT operationnel"
132,Linking energy-cyber-physical systems with occupancy prediction and interpretation through WiFi probe-based ensemble classification,2019,Scopus | Web of Science,10.1016/j.apenergy.2018.11.079,"With the rapid advances in sensing and digital technologies, cyber-physical systems are regarded as the most viable platforms for improving building design and management. Researchers investigated the possibility of integrating energy management systems with cyber-physical systems to form energy-cyber-physical systems in order to promote building energy management. However, minimizing energy consumption while fulfilling building functions for energy-cyber-physical systems is challenging due to the dynamics of building occupants. As occupant behavior is a major source of uncertainty for energy management, ignoring it often results in both energy waste caused by overheating and overcooling as well as discomfort due to insufficient thermal and ventilation services. To mitigate such uncertainties, this study proposes an occupancy-linked energy-cyber-physical system that incorporates WiFi probe-based occupancy detection. The proposed framework utilizes ensemble classification algorithms to extract three forms of occupancy information. It creates a data interface to link energy management systems and cyber-physical systems and allows for automated occupancy detection and interpretation by assembling multiple weak classifiers for WiFi signals. A validation experiment in a large office room was conducted to examine the performance of the proposed occupancy-linked energy-cyber-physical systems. The experiment and simulation results suggest that, with a proper classifier and occupancy data type, the proposed model can potentially save about 26.4% of energy consumption in cooling and ventilation demands. © 2020 Elsevier B.V., All rights reserved.",WEAK,PASS,PASS,PASS,236,BORDERLINE,INCLURE,"CPS+WiFi occupancy, ensemble classification validation"
139,Hierarchical MPC for building energy management: Incorporating data-driven error compensation and mitigating information asymmetry,2024,Scopus | Web of Science,10.1016/j.apenergy.2024.123780,"The increasing adoption of renewable energy sources (RESs) in public power grids has led to a demand for more intelligent energy management systems (EMSs) in large-scale buildings. A common approach for controlling EMSs for buildings is Model Predictive Control (MPC). For large-scale buildings, hierarchical MPC schemes have been proposed, offering the advantage of scalability through problem decomposition into multiple layers. However, hierarchical schemes often suffer from information mismatch due to information asymmetry between layers, leading to suboptimal control performance. This issue is worsened by model errors inherent to the models underlying the MPC controllers. To address these challenges, we propose a hierarchical MPC approach, which includes data-driven error compensation. Additionally, to mitigate information mismatch, a one-iteration communication step is introduced between the hierarchical layers. The proposed approach comprises two layers: an aggregator layer that controls overall energy flows of the building, and a distributor layer that allocates thermal energy to individual temperature zones. The distributor may request additional thermal budget by providing the aggregator with an otherwise expected performance loss, which it can trade off accordingly. The approach is evaluated in a software-in-the-loop (SiL) simulation using a physics-based digital twin model of a multi-zone commercial building, showing notable improvements in overall control performance in comparison to a naive hierarchical baseline and similar performance to a monolithic baseline. © 2024 Elsevier B.V., All rights reserved.",PASS,WEAK,PASS,PASS,233,BORDERLINE,INCLURE,Physics-based DT + SiL simulation MPC building
141,Implementing Digital Twins for Enhanced Energy Management in Three Case Studies,2024,Scopus,10.1109/metrolivenv60384.2024.10615496,"Digitalization is recognized as a powerful enabler for decarbonizing the building sector. The International Energy Agency has highlighted its potential to improve safety, productivity, accessibility, and sustainability of energy systems. This work aims to present innovative applications of digital twins within the European Project DigiBUILD, focusing on optimizing energy systems for enhanced efficiency and reduced carbon footprint. The architecture of the developed digital twins w detailed, focusing on data collection, services description, and their implementation. Through three detailed case studies, the paper explores real applications of digital twins: the Heron pilot, whose aim is to manage a cluster of buildings and optimally charges electric vehicles to reduce carbon emissions; Veolia, where a district heating networks to optimally manage heat sources in the production plant to reduce gas consumption and emissions; and Emotion, focusing on a building equipped with photovoltaic panels and electric vehicles and implementing services for optimal vehicle charging to maximize self-consumption, in day-ahead scheduling but also in real time. A discussion finally highlights the challenges and limitations encountered in the deployment of digital twins, emphasizing the importance of user interaction in facilitating efficient energy management. This research contributes in underlining the significant potential of digital twins in advancing the digitalization of the energy sector, contributing to the European Union's goals for sustainability and reduced environmental impact. © 2024 Elsevier B.V., All rights reserved.",PASS,PASS,PASS,WEAK,228,BORDERLINE,INCLURE,"DT explicit, 3 case studies (Heron+Veolia+Emotion)"
155,A cyber-physical system for building automation and control based on a distributed MPC with an efficient method for communication,2021,Scopus,10.1016/j.ejcon.2021.04.008,"This paper introduces a cyber-physical system for building automation and control that is developed based on a distributed model predictive control. The implemented distributed method significantly reduces computation overhead with respect to the centralized methods. However, continuous data transfer between subsystems, which are often far from each other, is required when using this method. Information transmission between subsystems is very often subject to the limitations of transmission bandwidth and/or short communication range resulting in significant communication overhead. This causes significant time latency between making measurements and applying control commands, which adversely affects the control performance. Therefore, the distributed method used in this paper implements a two-level communication architecture to reduce the communication overhead. In order to avoid collision in communication inside neighborhood using this method, the TDMA-OFDMA scheme is used for wireless communication between distributed devices. Under these assumptions, the communication overhead is calculated. Then, a novel algorithm for finding the size of neighborhoods resulting in the lowest time latency between making measurements and applying control commands is presented for a typical office building. Finally, the satisfactory performance of the proposed cyber-physical system for the temperature control of a typical office building in the presence of disturbance and model inaccuracy is illustrated using computer simulations. © 2024 Elsevier B.V., All rights reserved.",WEAK,WEAK,PASS,WEAK,217,BORDERLINE,EXCLURE,"3 WEAKs, communication-focused, validation faible"
158,Smart buildings in the smart grid: Contract-based design of an integrated energy management system,2015,Scopus | Web of Science,10.1007/978-3-662-45928-7_5,"In a supply-following “smart” grid scenario, buildings can exploit remotely controllable thermostats and “smart” meters to communicate with energy providers, trade energy in real-time and offer frequency regulation services, by leveraging the flexibility in the energy consumption of their heating, ventilation and air conditioning (HVAC) systems. The realization of such a scenario is, however, strongly dependent on our ability to radically re-think the way both the grid and the building control algorithms are designed. In this work, we regard the grid as an integrated, distributed, cyber-physical system, and propose a compositional framework for the deployment of an optimal supply-following strategy. We use the concept of assume-guarantee contracts to formalize the requirements of the grid and the building subsystem as well as their interface. At the building level, such formalization leads to the development of an optimal control mechanism to determine the HVAC energy flexibility while maximizing the monetary incentive for it. At the grid level, it allows formulating a model predictive control scheme to optimally control the ancillary service power flow from buildings, while integrating constraints such as ramping rates of ancillary service providers, maximum available ancillary power, and load forecast information. Simulation results illustrate the effectiveness of the proposed design methodology and the improvements brought by the proposed control strategy with respect to the state of the art. © 2015 Elsevier B.V., All rights reserved.",WEAK,PASS,PASS,PASS,232,BORDERLINE,EXCLURE,"Smart grid focus dominant, buildings subordonnes"
162,Modelling and prediction of energy efficient building climate toward digital twin integration,2023,Scopus,10.1109/appeec57400.2023.10561934,"Buildings account for a significant share of energy usage on a global scale, with heating, ventilation, and air conditioning (HVAC) systems being the main energy consumers. Building energy management (BEM) is a critical field that focuses on optimizing energy consumption and improving efficiency within commercial structures. Achieving precise indoor temperature prediction and regulation is crucial for enhancing building thermal performance and optimizing thermal energy utilization. Accurately pinpointing the influential parameters and factors is essential to devise an advanced building control system capable of effectively regulating indoor temperature, optimizing thermal energy usage, and improving the overall thermal performance of occupants. The integration of sensor data, internet of thing (IoT) devices, communication protocols, real-time simulations, machine learning, and visualization intelligence creates a digital twin (DT) model of systems. Through the DT model, systems can be dynamically represented and analysed, offering valuable insights for monitoring, optimization, and decision-making. This research analyses the thermal energy performance of a specific zone in the N79 building at Griffith University during the summer season, using sensor data from the BEM system. The objective is to gain insights into energy consumption patterns, temperature regulation, and overall efficiency of the zone, contributing to a better understanding of thermal energy management in the building. © 2024 Elsevier B.V., All rights reserved.",PASS,WEAK,PASS,PASS,213,BORDERLINE,INCLURE,"DT integration N79 zone analysis, IoT+ML"
185,PROTOT YPING A DIGITAL TWIN - A CASE STUDY of A 'U-SHAPED' MILITARY BUILDING,2022,Scopus,10.2495/eq-v7-n1-83-94,"The aim of the article is to cover part of the issues related to develop a process aimed at defining some essential step to correctly plan a ?smart district? that could dispatch energy produced in excess to the district?s other buildings. The first step has been to search for a type of building with very similar characteristics, such as geometry, zones, with the obvious variant of the geographic localization and thermal behaviour, on the other hand, a certain computational approach has to be set, in order to achieve a further replicable and scalable approach to a small-scale urban building energy modelling (UBEM). Focusing on various characteristics, a standard ?U-shaped? building, belonging to a ?military district? in a southern city of Italy (Bari), has been chosen as a case study. In order to obtain energy information, the authors have started investigating first the basic components of the building through measures, thermal imaging, heat flux sensor, borescope, secondly a BIM model has been set and then enhanced to a Building Energy Model (BEM) trying to replicate the energy behaviour of the case study as close as possible. Although many technological innovations are emerging, the ?BIM to BEM process? and the ?BEM analysis process? itself still depends on too many variables and results on several experiments conducted showed a variation of up 26%, that probably could be improved only by a rigorous/hybrid workflow through a digital twin. © 2023 Elsevier B.V., All rights reserved.",PASS,PASS,PASS,WEAK,245,BORDERLINE,INCLURE,DT prototype U-shaped military building case study
199,"Multi-Objective Optimization of Building Ventilation Systems Using Model Predictive Control: Integrating Air Quality, Energy Cost, and Environmental Impact",2025,Scopus | Web of Science,10.3390/app15010451,"This paper presents a flexible heating, ventilation and air conditioning (HVAC) modeling framework developed for building digital twin implementation. The framework is showcased for the modeling and simulation of four ventilation systems in a 8500 m2 university building. The developed model includes multiple objective model predictive control (MPC) with three objectives: electricity cost, indoor air quality and CO<inf>2</inf> emission attributed to electricity consumption. A control strategy comparison is conducted between several MPC solutions with different objective weightings and a rule-based control strategy, which emulates the current system control. A novel approach for air quality evaluation is proposed and used for the MPC modeling and strategy comparison in this study. In this comparison, a “balanced” MPC strategy reduces energy costs by 18% compared to rule-based control while also providing significantly better air quality. An economic strategy achieves 24% savings with some air quality reduction, while an air-quality-focused strategy provides nearly “perfect” air quality with 11% savings. Finally, an environmental strategy shows the potential for prioritizing CO<inf>2</inf> emissions over electricity costs. In this way, the strategy comparison illustrates the potential of MPC for the efficient operation and flexible objective prioritization according to stakeholder interests. © 2025 Elsevier B.V., All rights reserved.",PASS,WEAK,PASS,PASS,209,BORDERLINE,INCLURE,"DT 8500m2 university building, MPC HVAC validation"
235,Towards an occupancy-oriented digital twin for facility management: Test campaign and sensors assessment,2021,Scopus,10.3390/app11073108,"This study focuses on calibration and test campaigns of an IoT camera-based sensor system to monitor occupancy, as part of an ongoing research project aiming at defining a Building Management System (BMS) for facility management based on an occupancy-oriented Digital Twin (DT). The research project aims to facilitate the optimization of building operational stage through advanced monitoring techniques and data analytics. The quality of collected data, which are the input for analyses and simulations on the DT virtual entity, is critical to ensure the quality of the results. Therefore, calibration and test campaigns are essential to ensure data quality and efficiency of the IoT sensor system. The paper describes the general methodology for the BMS definition, and method and results of first stages of the research. The preliminary analyses included Indicative Post-Occupancy Evaluations (POEs) supported by Building Information Modelling (BIM) to optimize sensor system planning. Test campaign are then performed to evaluate collected data quality and system efficiency. The method was applied on a Department of Politecnico di Milano. The period of the year in which tests are performed was critical for lighting conditions. In addition, spaces’ geometric features and user behavior caused major issues and faults in the system. © 2021 Elsevier B.V., All rights reserved.",PASS,WEAK,PASS,PASS,210,BORDERLINE,INCLURE,"DT facility management, sensor calibration test campaign"
238,"The Application of CIM and BIM to the Simulation of Energy in Urban Superblocks; an Effort to Develop the Initial Digital Twins (Case Studies: Kermanshah, Iran)",2023,Scopus,10.1007/978-3-031-24767-5_32,"The integration of Building Information Modelling (BIM) and Geographic Information System (GIS) and the suggested notion of digital twins enabled buildings to be energy-efficient in terms of consumption and generation. The study employs a real-world simulation with a low level of detail to examine several types of urban superblocks and their energy use. This research presents a unique approach for integrating urban information based on two-dimensional GIS data and a three-dimensional BIM model. The research approach used in this study is a comparison of the types of urban blocks and energy, which is considered for early energy studies instead of optimising the urban configuration. Several archetypes of blocks were modelled, analysed and then studied on three levels: electrical energy, fossil fuel and energy. The study’s conclusion implies that optimisation techniques can be used in the comparative approach. While studying these various methods consumes a significant amount of time and energy, archetype evaluation consumes far less. Finally, the results reveal significant reductions in energy use in urban buildings of up to 20% compared to the ASHRAE standard model with a modest degree of detail. The results of this research may be used in the early stages of urban design in terms of superblock pattern selection. © 2023 Elsevier B.V., All rights reserved.",PASS,PASS,PASS,WEAK,216,BORDERLINE,EXCLURE,"Urban superblocks Iran case studies, scope explicite"
248,Design and Implementation of a Distributed Control Platform for a Smart Building Testbed,2022,IEEE Xplore | Scopus,10.1109/hpcc-dss-smartcity-dependsys53884.2021.00216,"One of the leading frontiers of the Internet of Things (IoT) era, smart building systems have made modern homes more innovative, interconnected, and autonomous. The goal of a smart home system is to enhance users' comfort, safety, and efficiency. In this paper, a smart building testbed is designed and constructed as a cyber-physical system that allows testing and validating building control algorithms, communication networks, and user interfaces. The building control unit is responsible for optimizing the performance of testbed actuators (thermal, lighting, and access systems), whereby building parameters are aggregated via a set of distributed sensors and communicated to a management system. This data is observed and analyzed by the control system to produce optimal control commands. The building communication network is developed based on the Message Queuing Telemetry Transport (MQTT) protocol, in which subscribers receive the measurement data, format it, and send it to the user-interface unit. The user interface is implemented in a Node-RED platform, where the data is visualized in real-time, and users are capable of interacting with the automation system. Experimental results demonstrate the usefulness of such a prototype for smart building monitoring and control research. © 2022 Elsevier B.V., All rights reserved.",WEAK,PASS,PASS,PASS,201,BORDERLINE,INCLURE,"CPS smart building testbed MQTT+Node-RED, experimental"
272,Cyber-Enabled Optimization of HVAC System Control in Open Space of Office Building,2023,Scopus | Web of Science,10.3390/s23104857,"Thermal comfort is crucial to well-being and work productivity. Human thermal comfort is mainly controlled by HVAC (heating, ventilation, air conditioning) systems in buildings. However, the control metrics and measurements of thermal comfort in HVAC systems are often oversimplified using limited parameters and fail to accurately control thermal comfort in indoor climates. Traditional comfort models also lack the ability to adapt to individual demands and sensations. This research developed a data-driven thermal comfort model to improve the overall thermal comfort of occupants in office buildings. An architecture based on cyber-physical system (CPS) is used to achieve these goals. A building simulation model is built to simulate multiple occupants’ behaviors in an open-space office building. Results suggest that a hybrid model can accurately predict occupants’ thermal comfort level with reasonable computing time. In addition, this model can improve occupants’ thermal comfort by 43.41% to 69.93%, while energy consumption remains the same or is slightly reduced (1.01% to 3.63%). This strategy can potentially be implemented in real-world building automation systems with appropriate sensor placement in modern buildings. © 2023 Elsevier B.V., All rights reserved.",WEAK,PASS,PASS,PASS,191,BORDERLINE,INCLURE,"CPS open-space office HVAC, hybrid model validation"
275,Cyber-physical systems improving building energy management: Digital twin and artificial intelligence,2021,Scopus | Web of Science,10.3390/en14082338,"The research explores the potential of digital-twin-based methods and approaches aimed at achieving an intelligent optimization and automation system for energy management of a residential district through the use of three-dimensional data model integrated with Internet of Things, artificial intelligence and machine learning. The case study is focused on Rinascimento III in Rome, an area consisting of 16 eight-floor buildings with 216 apartment units powered by 70% of self-renewable energy. The combined use of integrated dynamic analysis algorithms has allowed the evaluation of different scenarios of energy efficiency intervention aimed at achieving a virtuous energy management of the complex, keeping the actual internal comfort and climate conditions. Meanwhile, the objective is also to plan and deploy a cost-effective IT (information technology) infrastructure able to provide reliable data using edge-computing paradigm. Therefore, the developed methodology led to the evaluation of the effectiveness and efficiency of integrative systems for renewable energy production from solar energy necessary to raise the threshold of self-produced energy, meeting the nZEB (near zero energy buildings) requirements. © 2021 Elsevier B.V., All rights reserved.",PASS,PASS,PASS,WEAK,184,BORDERLINE,EXCLURE,Rome 16 buildings 216 apartments residential district
278,Dynamic Modeling of Smart Buildings Energy Consumption: A Cyber-Physical Fusion Approach,2021,Scopus,10.1109/ispec53008.2021.9735981,"Energy consumption modeling constitutes an imperative step towards improving energy efficiency of smart buildings. In this context, conventional static modeling methods are not fully accurate, since the energy consumption is generally affected by multiple time-dependent factors. In order to address this limitation, this paper proposes a dynamic modeling method based on cyber-physical fusion techniques. First, the physical model of energy consumption simulation involving multiple time windows is constructed. Second, combined with the analysis of key processes and real scenarios, the heat exchange coefficient of the building envelope and the correction coefficient of air-conditioning cooling capacity are identified as key parameters for the consumption model. Subsequently, a novel parameter identification method based on one-dimensional deep convolutional network is proposed to determine the above key parameters, which are later employed by the physical model to further calibrate its accuracy. Case studies on a real-world building environment demonstrate that the proposed cyber-physical method outperforms the conventional physical methods in terms of better accuracy for energy consumption estimation. © 2022 Elsevier B.V., All rights reserved.",WEAK,PASS,PASS,PASS,177,BORDERLINE,INCLURE,"CPS dynamic modeling smart building, real-world validation"
296,Design Automation for Smart Building Systems,2018,IEEE Xplore | Scopus,10.1109/jproc.2018.2856932,"Smart buildings today are aimed at providing safe, healthy, comfortable, affordable, and beautiful spaces in a carbon and energy-efficient way. They are emerging as complex cyber-physical systems with humans in the loop. Cost, the need to cope with increasing functional complexity, flexibility, fragmentation of the supply chain, and time-to-market pressure are rendering the traditional heuristic and ad hoc design paradigms inefficient and insufficient for the future. In this paper, we present a platform-based methodology for smart building design. Platform-based design (PBD) promotes the reuse of hardware and software on shared infrastructures, enables rapid prototyping of applications, and involves extensive exploration of the design space to optimize design performance. In this paper, we identify, abstract, and formalize components of smart buildings, and present a design flow that maps high-level specifications of desired building applications to their physical implementations under the PBD framework. A case study on the design of on-demand heating, ventilation, and air conditioning (HVAC) systems is presented to demonstrate the use of PBD. © 2020 Elsevier B.V., All rights reserved.",WEAK,PASS,PASS,PASS,179,BORDERLINE,INCLURE,CPS HVAC case study smart building design
311,Biscuit: Building intelligent system customer investment tools,2019,Scopus,10.1016/j.egypro.2019.01.495,"Smart buildings as human-cyber-physical systems (h-CPSs) are capable of providing intelligent services, such as indoor positioning, personalized lighting, demand-based heating ventilation and air-conditioning, and automatic fault detection and recovery, just to name a few. However, most buildings nowadays lack the basic components and infrastructure to support such services. The investment decision of intelligent system design and retrofit can be a daunting task, because it involves both hardware (sensors, actuators, servers) and software (operating systems, service algorithms), which have issues of compatibility, functionality constraints, and opportunities of co-design of synergy. This work proposes a user-oriented investment decision toolset aimed at handling the complexity of exploration in the large design space and to enhance cost-effectiveness, energy efficiency, and human-centric values. The toolset is demonstrated in a case study to retrofit a medium-sized building, where it is shown to propose a design that significantly lowers the overall investment cost while achieving user specifications. © 2019 Elsevier B.V., All rights reserved.",WEAK,PASS,PASS,PASS,167,BORDERLINE,EXCLURE,"Investment decision toolset, pas DT operation"
314,Enhancing Public Building Energy Efficiency Through Digital Twin Modeling and Iterative Simulation: A Sustainable Approach,2024,IEEE Xplore | Scopus,10.1109/icecce63537.2024.10823633,"The digital twin of a public building, Città Metropolitana di Milano, is simulated to analyze energy consumption and efficiency under various operational conditions and assumptions. Iterative simulations identified key measures for reducing energy consumption and enhancing efficiency, focusing on window glazing, reduced lighting power density, and solar panel integration, considering constant HVAC systems and schedules. The analysis compares a base case with existing characteristics to a proposed case incorporating energy-efficient measures, yielding improvements in energy performance. These strategies reduce reliance on fossil fuel-based energy and promote a transition to sustainable energy sources. These performance measures reduce reliance on fossil fuel-based energy consumption and pave the way toward greener and more sustainable energy resources-based energy consumption as per UN SGDs 7 and 11. This research will be a valuable tool for policymakers and building managers to visualize real-time energy performance to ensure improved energy efficiency and predictive maintenance. © 2025 Elsevier B.V., All rights reserved.",PASS,WEAK,PASS,PASS,159,BORDERLINE,INCLURE,"DT public building Milano, iterative simulation"
323,A hybrid intelligent control based cyber-physical system for thermal comfort in smart homes,2019,Scopus,10.1504/ijahuc.2019.098863,"With the fast development of human society, as environmental issues have drawn incomparable attention, energy efficiency is playing a significant role in residential buildings. Meanwhile, spending more time in homes leads people to constantly improve comfort there. Considering the fact that space heating makes a great contribution to residential energy consumption and thermal comfort, this paper presents a novel hybrid intelligent control (HIC) system to manage space heating devices in a smart home with advanced technologies to save energy while to increase thermal comfort level. The approach combines a meta-heuristic algorithm used to compute a setpoint from the Predicted Mean Vote model with a Proportional-Integral-Derivative controller for indoor temperature regulation. In order to validate the system, computer simulations are conducted and analysed. The results indicate the proposed control system can provide better thermal comfort comparing with other conventional and intelligent control methods, and consume less energy when demand response is considered. © 2024 Elsevier B.V., All rights reserved.",WEAK,PASS,PASS,PASS,161,BORDERLINE,INCLURE,"CPS smart home thermal comfort, simulation validation"
327,Benchmarks for cyber-physical systems: A modular model library for building automation systems,2018,Scopus,10.1016/j.ifacol.2018.08.009,"Building Automation Systems (BAS) are exemplars of Cyber-Physical Systems (CPS), incorporating digital control architectures over underlying continuous physical processes. We provide a modular model library for BAS drawn from expertise developed on a real BAS setup. The library allows to build models comprising either physical quantities or digital control modules. The structure, operation, and dynamics of the model can be complex, incorporating (i) stochasticity, (ii) non-linearities, (iii) numerous continuous variables or discrete states, (iv) various input and output signals, and (v) a large number of possible discrete configurations. The modular composition of BAS components can generate useful CPS benchmarks. We display this use by means of three realistic case studies, where corresponding models are built and engaged with different analysis goals. The benchmarks, the model library and associated data collected from the BAS setup at the University of Oxford, are kept on-line at https://github.com/natchi92/BASBenchmarks © 2021 Elsevier B.V., All rights reserved.",WEAK,PASS,PASS,PASS,158,BORDERLINE,INCLURE,"CPS BAS benchmark library, 3 Oxford case studies"
346,Optimal Energy Consumption Control in a Multi-Zone Building Based on a Hybrid Digital Twin,2023,IEEE Xplore,10.1109/smartindustrycon57312.2023.10110760,"The paper considers a solution for optimal energy consumption control in a multi-zone office building based on a hybrid digital twin of a building. The hybrid digital twin comprises the energy model of the building, digital energy consumption models of both individual zones and the entire building, and a computer model of the heating, ventilation, and air conditioning system of the building. Artificial neural networks were used to implement all digital models. The EnergyPlus energy simulation system generated the input data to train neural networks. A genetic algorithm was used to find an optimal solution to the problem. The optimal energy consumption control of the building was implemented in the DTTool software package, developed by the author. This approach allows implementing optimal energy consumption control for multi-zone buildings with the division of energy consumption into that consumed by the entire building and that consumed by certain zones of the building.",PASS,WEAK,PASS,PASS,152,BORDERLINE,INCLURE,Hybrid DT multi-zone building EnergyPlus+GA
350,"Potential energy, demand, emissions, and cost savings distributions for buildings in a utility’s service area",2021,Scopus,10.3390/en14010132,"Several companies, universities, and national laboratories are developing urban-scale energy modeling that allows the creation of a digital twin of buildings for the simulation and optimization of real-world, city-sized areas. Prior to simulation-based assessment, a baseline of savings for a set of utility-defined use cases was established to clarify the initial business case for specific energy efficient building technologies. In partnership with a municipal utility, 178,337 OpenStudio and EnergyPlus models of buildings in the utility’s 1400 km2 service area were created, simulated, and assessed with measures for quantifying energy, demand, cost, and emissions reductions of each building. The method of construction and assumptions behind these models is discussed, definitions of example measures are provided, and distribution of savings across the building stock is provided under a maximum technical adoption scenario. © 2021 Elsevier B.V., All rights reserved.",PASS,PASS,PASS,WEAK,144,BORDERLINE,EXCLURE,"178k buildings utility 1400km2 service area, city-scale"
356,Predictive thermal comfort control for cyber-physical home systems,2018,Scopus,10.1109/sysose.2018.8428734,"With the emergence of Internet of Things (IoT) and smart homes, the demand for energy efficient thermal comfort has also increased significantly to address the importance of quality of life (QoL) in a modern society. In this paper, we present a model predictive control (MPC) based thermal comfort controller for cyber-physical home systems (CPHS). The MPC controller is integrated into the existing Energy Efficient Thermal Comfort Control (EETCC) system that was developed for the experimental smart house, iHouse. The advantages of MPC was explored in a real time manner for reference tracking and energy minimization scenarios. Besides, Predicted Mean Vote (PMV) index is also adopted into the MPC controller to further enhance the energy efficiency and thermal comfort of the CPHS. The proposed methods are evaluated and verified under various seasons in a CPHS simulation using raw environmental data from the iHouse. © 2018 Elsevier B.V., All rights reserved.",WEAK,PASS,PASS,PASS,150,BORDERLINE,INCLURE,CPHS iHouse predictive thermal comfort
363,Evaluating the Impact of Data Availability on Machine Learning-augmented MPC for a Building Energy Management System,2024,IEEE Xplore | Scopus | Web of Science,10.1109/isgteurope62998.2024.10863763,"A major challenge in the development of Model Predictive Control (MPC)-based energy management systems (EMSs) for buildings is the availability of an accurate model. One approach to address this is to augment an existing gray-box model with data-driven residual estimators. The efficacy of such estimators, and hence the performance of the EMS, relies on the availability of sufficient and suitable training data. In this work, we evaluate how different data availability scenarios affect estimator and controller performance. To do this, we perform software-in- the-loop (SiL) simulation with a physics-based digital twin using real measurement data. Simulation results show that acceptable estimation and control performance can already be achieved with limited available data, and we confirm that leveraging historical data for pretraining boosts efficacy. © 2025 Elsevier B.V., All rights reserved.",PASS,WEAK,PASS,PASS,136,BORDERLINE,INCLURE,Physics-based DT + SiL real measurement data
371,Development of a BIM-Data Mining Integrated Digital Twin and Its Use for Lifecycle Management Tools,2025,IEEE Xplore,10.1109/ice/itmc65658.2025.11106549,"The integration of Building Information Modeling (BIM) with data mining techniques in a Digital Twin environment offers a transformative approach to lifecycle management in the built environment. This paper presents the development of a BIM-data mining integrated digital twin framework within the DATAWiSE project, leveraging AI-enhanced decision-support tools for energy optimization, predictive maintenance, and circular lifecycle assessment. Furthermore, the paper discusses how incorporating open-source green building initiatives, particularly gbXML, OpenStudio, and EnergyPlus, can enrich the energy modeling and real-time analytics capabilities. The proposed approach aligns with best practices from the Digital Twin Consortium and buildingSMART International to establish an open, interoperable, and scalable framework for sustainable building management.",PASS,WEAK,PASS,PASS,113,BORDERLINE,EXCLURE,Framework theorique sans validation propre
372,Automatic Modelica BEM generation from IFC BIM,2024,Scopus,10.1109/metrolivenv60384.2024.10615614,"The emergence of BIM-assisted building digital twins is facilitating building digitalization efforts across various domains. These digital twins necessitate the creation of building energy models (BEM) derived from BIM data. These models are crucial for conducting building simulations, which in turn evaluate the thermal performance of buildings. To address this need, this study presents a semi-automated workflow for converting BIM data into BEMs. Specifically, the workflow utilizes IFC BIMs generated from point cloud data obtained through building scans. Manual intervention in this workflow is minimal, primarily focusing on detecting and correcting errors in BIM geometry resulting from the semi-automatic conversion of point cloud data to BIM format. The process is applied to an existing office building. © 2024 Elsevier B.V., All rights reserved.",PASS,WEAK,PASS,PASS,126,BORDERLINE,INCLURE,DT existing office building case Modelica BEM
373,Regression-Based Model Error Compensation for a Hierarchical MPC Building Energy Management System,2023,IEEE Xplore | Scopus,10.1109/ccta54093.2023.10252861,"One of the major challenges in the development of energy management systems (EMSs) for complex buildings is accurate modeling. To address this, we propose an EMS, which combines a Model Predictive Control (MPC) approach with data-driven model error compensation. The hierarchical MPC approach consists of two layers: An aggregator controls the overall energy flows of the building in an aggregated perspective, while a distributor distributes heating and cooling powers to individual temperature zones. The controllers of both layers employ regression-based error estimation to predict and incorporate the model error. The proposed approach is evaluated in a software-in-the-loop simulation using a physics-based digital twin model. Simulation results show the efficacy and robustness of the proposed approach. © 2023 Elsevier B.V., All rights reserved.",PASS,WEAK,PASS,PASS,128,BORDERLINE,INCLURE,Physics-based DT + SiL hierarchical MPC
379,Adaptive optimization for smart operation of cyber-physical systems: A thermostatic zoning test case,2017,Scopus,10.1109/icca.2017.8003064,"In the current state of the art load management and demand response actions in smart buildings are often predetermined by a field engineer to a fixed set of (rule-based) options. This fixed set of options often neglects the cyber-physical nature of the building dynamics, thermostatic action and building automation system. In this work we will combine a rule-based load management program with a learning feedback load management program that can operate on top of the rules. We demonstrate via extensive simulations the effectiveness of the program for intelligent management of the heating, ventilating and air conditioning (HVAC) loads so as to exploit renewable energy sources, while taking into account human-related constraints like thermal comfort. © 2017 Elsevier B.V., All rights reserved.",WEAK,PASS,PASS,PASS,125,BORDERLINE,INCLURE,"CPS thermostatic zoning HVAC, extensive simulations"
385,Study of adaptive model predictive control for cyber-physical home systems,2019,Scopus,10.1007/978-981-13-2622-6_17,"With the inception of connected devices in smart homes, the need for user adaptive and context-aware systems have been increasing steadily. In this paper, we present an adaptive model predictive control (MPC) based controller for cyber-physical home systems (CPHS) environment. The adaptive MPC controller is integrated into the existing Energy Efficient Thermal Comfort Control (EETCC) system that was developed specifically for the experimental smart house, iHouse. The proposed adaptive MPC is designed in a real time manner for temperature reference tracking scenario where it is evaluated and verified in a CPHS simulation using raw environmental data from the iHouse. © 2018 Elsevier B.V., All rights reserved.",WEAK,PASS,PASS,PASS,108,BORDERLINE,INCLURE,"CPHS adaptive MPC iHouse, real env data"
530,Energy and carbon management system for a city and a nation,2022,Scopus,,"A digital twin model for energy and carbon management of the building sector, both nationally and at the city level, is developed. The model consists of the following three tools: 1) a bottom-up, end-use energy simulation model that replicates the energy demand determination mechanism, 2) individual statistical data that explain the relationships between household/building characteristics and appliance ownership/energy-saving behavior, which enables the model to consider the heterogeneity of households and buildings, and 3) smart meter data that can be used to analyse the energy efficiency progress of households and buildings. The concept of an energy/carbon management system is introduced and the progress of the Japanese Plan for Global Warming Countermeasures (PGWC) is assessed. A distinctive feature of the Japanese PGWC is that it clearly identifies the target diffusion amounts for each countermeasure technology. To simulate Japan's residential sector, a representative sample of 0.03 % of Japanese households is randomly selected, and various characteristics, including the number and attributes of household occupants, the thermal performance of the residential building, occupant ownership and use of home appliances, and the type of water heater and space heating equipment, are used to accurately reflect population heterogeneity. With these data, together with weather data for the target years, the annual energy demand of the Japanese residential and non-residential sectors is simulated for 2013-2019. In the residential sector, the impact of differences in weather conditions is found to be substantial, reaching a maximum of 50 %. For the non-residential sector, the effect of weather differences is relatively small. The effect of the government's energy efficiency measures as estimated by the simulation is smaller than the government estimates for both the residential and non-residential sectors, and is well below the government's 2019 target. © 2023 Elsevier B.V., All rights reserved.",PASS,WEAK,PASS,WEAK,305,BORDERLINE,EXCLURE,Energy management 'city and nation' national scale
535,Energy Signature Modeling Towards Digital Twins – Lessons Learned From a Case Study With TRV and GAHP Technologies,2022,Scopus,,"In building refurbishment projects, efficient technologies such as heat pumps are increasingly being used as a substitute for conventional technologies such as condensing boilers, with the aim of reducing carbon emissions and determining operational energy and cost savings. Measured building performance, however, often reveals a significant gap between the predicted energy use (design stage) and actual energy use (operation stage). For this reason, a scalable energy signature modeling approach is presented in this paper to verify building energy performance from measured data. Regression models are built with data at multiple temporal resolutions (monthly and daily) and are used to verify the performance improvement due to smart heating controllers (TRV) and Gas Absorption Heat Pumps (GAHP). The capabilities of energy signature analysis are enhanced by including additional variables in the modeling process and by running the models as “digital twins” with a rolling horizon of 15 days of data. Finally, a regression model for GAHP technology is developed to validate the results measured in the monitoring process in a comparative way. The case study chosen is Hale Court sheltered housing, located in the city of Portsmouth (UK). The results obtained are used to illustrate possible extensions of the use of energy signature modeling, highlighting implications for energy management and innovative building technologies development. © 2023 Elsevier B.V., All rights reserved.",PASS,PASS,PASS,WEAK,219,BORDERLINE,INCLURE,DT-towards Hale Court sheltered housing case study
547,DATA-DRIVEN PREDICTIVE CONTROL FOR COMMERCIAL BUILDINGS WITH MULTIPLE ENERGY FLEXIBILITY SOURCESyy,2020,Web of Science,,"Data-Driven Predictive Control, representing the building as a cyber-physical system, shows promising potential in harnessing energy flexibility f o r demand side management, where the efforts in developing a physics-based model can be significant. Here, predictive control using random forests is applied in a case study closed-loop simulation of a large office building with multiple energy flexibility s o urces, thereby testing the suitability of the technique for such buildings. Further, consideration is given to the feature selection and feature engineering process. The results show that the data-driven predictive control, under a dynamic grid signal, is capable of minimising energy consumption or energy cost.",WEAK,PASS,PASS,PASS,109,BORDERLINE,INCLURE,CPS commercial building case study closed-loop sim
